region,date,mean,median,lower_90,upper_90,lower_50,upper_50
BO,2020-04-20,1.224593869776069,1.2050246204271846,1.011379054787116,1.4520065868229384,1.0835438343384372,1.2533071869552086
BO,2020-04-21,1.2244321720019187,1.2049433279791009,1.0356957230786457,1.4675164638556715,1.0815981820774847,1.2400292737423755
BO,2020-04-22,1.221923591845141,1.201040524521488,1.0151602870028957,1.4351232584742215,1.0858966782660726,1.2470344071288726
BO,2020-04-23,1.222661470140239,1.2020048860900716,1.0196650333412018,1.430485235510716,1.0761632934452183,1.2343281449187204
BO,2020-04-24,1.2235498523500539,1.1984836972088373,1.0267108101275897,1.423563121625651,1.0823805040341916,1.2368805162503265
BO,2020-04-25,1.2242170141994029,1.199448326305701,1.0336397040141256,1.407245048016285,1.091605351076163,1.2389788731272862
BO,2020-04-26,1.2245602466102652,1.1983209846222769,1.041981631715372,1.417429568082621,1.0639664350026954,1.216090052934563
BO,2020-04-27,1.2243019772394808,1.1978002377293189,1.0457046276146753,1.4178328684317016,1.0617345452800233,1.2090893132692457
BO,2020-04-28,1.2219786954055019,1.1903875930337713,1.0455202800100507,1.4158740738692945,1.08191959834654,1.2200076718357031
BO,2020-04-29,1.2163438178894028,1.1901961072936746,1.0363710714564158,1.3940431487561475,1.0769475315734727,1.2189124764757766
BO,2020-04-30,1.211639983896465,1.1881232769345762,1.035941226043578,1.3875633714603937,1.0696776935269956,1.2032271836304973
BO,2020-05-01,1.2049214404288235,1.1818154463714339,1.039059827061661,1.377605102684515,1.079447897319899,1.2082407593493565
BO,2020-05-02,1.1968332497972292,1.1762186588325556,1.0448481202495437,1.3646409982848233,1.091639530322109,1.2162277263050971
BO,2020-05-03,1.1909003057853882,1.1683519427495046,1.026379401146527,1.3521654065151134,1.0684265219443352,1.1909129019731555
BO,2020-05-04,1.193973261234758,1.1680463823061547,1.0356707549273587,1.3653067638985015,1.0792020927425408,1.1995986006519601
BO,2020-05-05,1.191990610699903,1.1703508307226094,1.0322688460297793,1.3642070355688736,1.070576125024517,1.1960024728639485
BO,2020-05-06,1.1900597764383711,1.1695075448056678,1.0357480305840023,1.3542900290570392,1.076507604055782,1.2015563734731485
BO,2020-05-07,1.1841344572539378,1.1610791938974419,1.0224747910917023,1.336701374809695,1.0855499645211066,1.2072967520455542
BO,2020-05-08,1.181529479447486,1.160962936380309,1.027867511552304,1.3388620201204628,1.0785337227503407,1.1977059031384645
BO,2020-05-09,1.1818080219825216,1.1644892842052221,1.0276368238047238,1.3352518086466527,1.0824819927211449,1.2051502377969694
BO,2020-05-10,1.1816108634538538,1.1675719031004235,1.0360225451642933,1.33112921240132,1.0868624952280244,1.2066776456679236
BO,2020-05-11,1.1832624336678894,1.1700200884800966,1.0294779663019331,1.3284834182290095,1.086086482454591,1.2059997553017943
BO,2020-05-12,1.1825040595935257,1.162671160074187,1.0327661635809784,1.3307059217756052,1.0780432386145264,1.1951645369553718
BO,2020-05-13,1.1795532323755835,1.1591805971198141,1.0254669043925537,1.3306195662950588,1.0884126419737883,1.2037141458601448
BO,2020-05-14,1.1776703811295652,1.1554008481393407,1.0295639870929452,1.3340136746866098,1.0840527104061142,1.2015527739360614
BO,2020-05-15,1.17315018931574,1.1527480604048697,1.029930299213261,1.3140478820961285,1.0562438912689747,1.168157450846502
BO,2020-05-16,1.1727421336170196,1.1516256594179346,1.026958209482681,1.3245699602321257,1.056919972726588,1.1694779569876483
BO,2020-05-17,1.1695973050741284,1.146282664946357,1.0246092168263434,1.3218697483376818,1.0520861001329571,1.1643628652163835
BO,2020-05-18,1.1635606900911628,1.1463582711365394,1.0259471851393216,1.312265104109249,1.0583553221705355,1.1692173391316762
BO,2020-05-19,1.153233813651419,1.1343927115594377,1.0189635457285233,1.3076533936937067,1.0591665374494785,1.16257727472824
BO,2020-05-20,1.1414407378918177,1.1248947414138337,1.012883204797586,1.2819712185300767,1.0492192891016419,1.1465793546081084
BO,2020-05-21,1.131815945166503,1.1166183010131516,1.0041304001846654,1.2658783404230447,1.046518391488651,1.1414683113402249
BO,2020-05-22,1.12111284907797,1.1059308944938988,1.0039495888325225,1.2585592621175934,1.0323119163456755,1.1247475546697903
BO,2020-05-23,1.1073665966049802,1.0935403246104856,0.981696527017306,1.2226386377085714,1.0401855022672333,1.128836902640688
BO,2020-05-24,1.0942348662823063,1.0809779767580148,0.9854200553411125,1.2218853111828343,1.0229154880847875,1.1047609264277163
BO,2020-05-25,1.0790369797104697,1.0681631842190773,0.9464608001508368,1.194863468806095,1.0195825058395749,1.0990129117218268
BO,2020-05-26,1.0614214544008251,1.056936420789809,0.9395539016686667,1.196289065518549,1.0058260739045064,1.0898519987562603
BO,2020-05-27,1.047461331477285,1.0423289065896335,0.9276830681231927,1.1808148176051265,0.9996469593767463,1.09137383577911
BO,2020-05-28,1.037860813661267,1.0373625896544756,0.9048387307698919,1.152880566604863,0.9861252813533231,1.0745141330298273
BO,2020-05-29,1.0281193945565852,1.0262467266993127,0.9065972620638321,1.17480441458007,0.9684664378819178,1.0652834744739563
BO,2020-05-30,1.0172368900974853,1.017316968937303,0.8584317099242269,1.1477659254320747,0.9590044179510501,1.057155999410659
BO,2020-05-31,1.0111869442173644,1.011244968888766,0.8475842224874435,1.153705577960412,0.9628182555967838,1.071363722468515
BO,2020-06-01,1.000392829629751,1.005630340976784,0.8387888588268568,1.1651270579057578,0.9443951064865015,1.058133877171728
BO,2020-06-02,0.989247961827396,0.9973449117016071,0.819342478300658,1.1706496502497477,0.9324730432299587,1.0567041375243478
BO,2020-06-03,0.9806922504309675,0.9909805021450226,0.7956430949572908,1.186474174489949,0.9210628344885693,1.0545250818850984
BO,2020-06-04,0.9742666239453001,0.9877217108983022,0.7811076498771694,1.1970328687348974,0.9234287509731256,1.0701230154882941
BO,2020-06-05,0.9720241013103782,0.9879583336783775,0.7602802213531226,1.2041861777668406,0.9265261062092972,1.0775479830693504
BO,2020-06-06,0.9695815507013027,0.9859935798892179,0.7143853982553313,1.1837576085640507,0.9281012423349082,1.0860229682194265
BO,2020-06-07,0.9704000399253989,0.9876830936112313,0.7286352083297234,1.2088648577633156,0.9165502017122449,1.0806891913377583
CO,2020-04-20,1.187192001629736,1.1670661651538516,1.0278912923371988,1.356719616133416,1.0692432804517775,1.1893377596870613
CO,2020-04-21,1.185715314767144,1.165168521256661,1.0223371173018914,1.3336761154239274,1.079589471434377,1.1975468474279864
CO,2020-04-22,1.1818694135886343,1.162972141985946,1.0439459318032258,1.338037081677641,1.0830186768534504,1.1942715419636607
CO,2020-04-23,1.1777649324645179,1.162980292472937,1.0319965083307268,1.3180635856458596,1.0865011381365013,1.1983180834794922
CO,2020-04-24,1.1776650219211833,1.1610938344292383,1.0441656995223167,1.3162653988411483,1.0779654739497224,1.1880764156058354
CO,2020-04-25,1.177477788803011,1.1632284101403516,1.031942573481606,1.306329353435157,1.0717910640552393,1.1799624122077925
CO,2020-04-26,1.1756564991614924,1.160092290108516,1.0247611974286566,1.2988918264668237,1.0770753736409715,1.184582983772294
CO,2020-04-27,1.1727009111057294,1.1591149882802367,1.0324033437846158,1.3024092876754318,1.0749827962088798,1.180206509981563
CO,2020-04-28,1.1703360792998123,1.1582287501691293,1.0353030887417372,1.295021933250513,1.093966811504074,1.1991194593406762
CO,2020-04-29,1.167955752323167,1.1527931610329887,1.0397098750275315,1.3028918782187362,1.0822244498438465,1.1865151509906746
CO,2020-04-30,1.1635494117537408,1.149656694260363,1.0386662998450478,1.293822985216324,1.0895023205899412,1.186127124451168
CO,2020-05-01,1.1605465967614679,1.143577625615754,1.0523236885393175,1.3078160334423765,1.0683513501159936,1.161639246841788
CO,2020-05-02,1.156044185869548,1.1401628600824871,1.0255277716337206,1.2769027559126607,1.090675824410252,1.1825882190044061
CO,2020-05-03,1.1505782279358265,1.1365910143536828,1.0322344267547108,1.2678087651476782,1.0656201537231298,1.1565538988976436
CO,2020-05-04,1.1455524100368226,1.1345798549551378,1.022749783728702,1.2596253027099764,1.0681378862988005,1.1600776259736363
CO,2020-05-05,1.141918623045216,1.129575969678857,1.030499808006924,1.264876338467457,1.055102365737243,1.1486280624550884
CO,2020-05-06,1.1397407758442273,1.1270185872203864,1.026890319489712,1.257317399218548,1.0590626998006436,1.1498256429543938
CO,2020-05-07,1.1355747617627332,1.1247773873346276,1.0263052177368317,1.2490420089578513,1.061656506560645,1.153031610614702
CO,2020-05-08,1.132166976185806,1.122776567567048,1.0192021205380255,1.2432905255137054,1.0675599493852632,1.1554454774526832
CO,2020-05-09,1.1286182206882904,1.116676276957459,1.026531922677944,1.2335369760424757,1.072093753757274,1.1543658215365609
CO,2020-05-10,1.1253155626255602,1.114932531566399,1.0245802318015038,1.235606898971444,1.0600735258963003,1.1438981646695567
CO,2020-05-11,1.1203648810670448,1.111851163005821,1.0099569955388865,1.224374728108206,1.0528468703815315,1.135089569101925
CO,2020-05-12,1.1173088761773236,1.1083700197852475,1.0206017423906495,1.2321772489549365,1.061521459937798,1.1425723021322391
CO,2020-05-13,1.1159366804568176,1.1087454664952228,1.016784795945535,1.2227379692963551,1.0574751410928447,1.1348861278148914
CO,2020-05-14,1.1182221814493234,1.1079941428437574,1.0183326799870542,1.2231921220056792,1.0513558162068362,1.1297616276597846
CO,2020-05-15,1.1217606022013376,1.1107465544447548,1.0159782520952954,1.2196191428305474,1.0615808821638242,1.1380800472458246
CO,2020-05-16,1.1221153333086944,1.1117769354247202,1.0130806128066179,1.2139038780953495,1.0552352854753302,1.1329067942973916
CO,2020-05-17,1.1265199591346766,1.1145973650192,1.029370393693969,1.2306342158700705,1.0569083927709277,1.1361443445930899
CO,2020-05-18,1.12936231119736,1.1176678046489992,1.0262128141515534,1.2392497785597407,1.0583204323233106,1.1398530203264576
CO,2020-05-19,1.1303216827953992,1.1185690330827347,1.0277659645913093,1.2370231729193542,1.0630159378618347,1.144337432635579
CO,2020-05-20,1.1311198373917215,1.1168530838682056,1.0421716771342995,1.2592712601390523,1.050763360064232,1.1324828767256974
CO,2020-05-21,1.1288285777188045,1.1184948055087478,1.0232105073569653,1.2317577078433335,1.0615644928833345,1.1432796766076394
CO,2020-05-22,1.1269787987129065,1.1138816925593948,1.0287108450789764,1.2390307334548079,1.045736624680983,1.1270364310268786
CO,2020-05-23,1.1258835739136517,1.1104043445450993,1.0244818515267415,1.237342334678579,1.0430882622658255,1.1235064120422824
CO,2020-05-24,1.1306887130899743,1.1174792586026951,1.0253715587152628,1.2518588388683514,1.057365291351597,1.1396166832858414
CO,2020-05-25,1.135540170109152,1.1196300771770191,1.0298929922537667,1.2568983444415096,1.0584898016568394,1.1407968204249985
CO,2020-05-26,1.1386244386002324,1.1218234550811603,1.02998608303986,1.2589481214420746,1.0619032032049178,1.1474972281247058
CO,2020-05-27,1.1394088720692754,1.1261715979744804,1.0311484156531785,1.2564602056661605,1.0621195930980227,1.1486313837891227
CO,2020-05-28,1.1349982620224164,1.120769478199303,1.0274470391365662,1.2455157568714466,1.0489907541905177,1.1329864240496417
CO,2020-05-29,1.1181438600987146,1.104185848284677,1.0092663338336538,1.2129041873928803,1.0396722253843003,1.1184058557792553
CO,2020-05-30,1.1000305793909202,1.0871866394087388,1.0028736133477196,1.2067908520651178,1.0318879433526287,1.1052783301422682
CO,2020-05-31,1.0810879879117015,1.0712107560813542,0.981307320205794,1.1940162667888663,1.0238003712681047,1.0989284223608866
CO,2020-06-01,1.053286770078034,1.0460060053854994,0.9220933215809128,1.1635248375985427,1.0000965340317907,1.0828693913010472
CO,2020-06-02,1.0349044591802488,1.0338335436355721,0.8953299943757707,1.1739069148985481,0.9900846871444531,1.0863359546323725
CO,2020-06-03,1.0119090307724377,1.0171589636234875,0.8457511866142775,1.1688741131791285,0.9675969214498947,1.0804148909022222
CO,2020-06-04,0.9903657941357067,1.0000349016858445,0.7978728748803408,1.1700303735395368,0.9515521647129481,1.0828828427067012
CO,2020-06-05,0.9821228576438903,0.9962666014342576,0.7932706460819342,1.1951663305477889,0.9590436300838622,1.0972835882474157
CO,2020-06-06,0.9906563165767533,1.004809751548511,0.8126532074571762,1.1950377382099377,0.9389772928606845,1.0754220279691782
CO,2020-06-07,0.9905074199767041,1.0077010832353357,0.8103680208548996,1.2095538761803653,0.9596242384533717,1.09498996064519
CR,2020-04-20,1.232739851773668,1.2021759551954958,0.8618759460834887,1.6049085798059992,1.0462581924174237,1.3031486951884852
CR,2020-04-21,1.2313715439516635,1.204683158222633,0.8661507107838359,1.6111323394990227,1.0487752200654095,1.3070566318333263
CR,2020-04-22,1.2317243330002738,1.1996495431801604,0.8656283282835848,1.6126761412742405,1.0491819722955316,1.2944205499294617
CR,2020-04-23,1.2293711227645825,1.19909585694282,0.8582819621382355,1.5905810797035602,1.061853916626373,1.3222550204748749
CR,2020-04-24,1.229945295027917,1.1954800648596096,0.8584857754381864,1.597839814627178,1.001395597586982,1.2623479380221805
CR,2020-04-25,1.2196280546408311,1.1942079480758245,0.8366091057372926,1.582794720460872,1.0260339030325205,1.2880135430979913
CR,2020-04-26,1.2186741294669574,1.1911811670122534,0.8534099857208378,1.6065193812838943,1.0092803088892446,1.2671189659140443
CR,2020-04-27,1.2212300789094463,1.1969824314899071,0.8480804175448702,1.6120213142368862,1.0287031604105965,1.2852823023035196
CR,2020-04-28,1.2168401058246232,1.1935307319825483,0.8191882921160759,1.5615325944027945,1.0277586380152839,1.2860163358878822
CR,2020-04-29,1.2135652366165592,1.1846581023938527,0.920335347302055,1.6539987094241155,1.0333150709134034,1.2879829182385214
CR,2020-04-30,1.2132848311656765,1.186361768985131,0.8569543171959251,1.5994857828169629,1.013642022262255,1.2653131387021195
CR,2020-05-01,1.215441661448772,1.18790361376893,0.8486823011507336,1.6169388268867153,1.0496163479684673,1.306741642028979
CR,2020-05-02,1.2152384320811045,1.1945069929786185,0.8726108725207566,1.5988829625767034,1.0640309067476275,1.3162067412637712
CR,2020-05-03,1.2162417514091948,1.1939863476937997,0.8469122798996459,1.5714779427545484,1.0181175266897264,1.275586740765775
CR,2020-05-04,1.216791368645768,1.1887435066464742,0.8661347204123602,1.564322600001813,1.0873016193391114,1.340962295202446
CR,2020-05-05,1.2154084587598377,1.186221287418828,0.8737987687993609,1.5793455396865959,1.0680455442694634,1.318892020871589
CR,2020-05-06,1.211393679619352,1.1848880941485525,0.8539250277790758,1.5722234538715956,1.0686981930653427,1.326136714770012
CR,2020-05-07,1.209284185138746,1.179631268820089,0.8670512093768195,1.5740809699963139,1.0167129517129803,1.277132846825123
CR,2020-05-08,1.207294418112807,1.1827063163995533,0.8699255948875468,1.5689051186279288,1.0610360418013896,1.3197031021830616
CR,2020-05-09,1.2079223471993152,1.181481656669606,0.9012472169892062,1.6084291260940056,1.025861738301025,1.2794052098463102
CR,2020-05-10,1.203662310725853,1.171052528731031,0.8992652591395303,1.5958189169091814,1.0103853149867472,1.2720843992105337
CR,2020-05-11,1.2072129808392698,1.1766683550194403,0.863212971293325,1.5442688640476518,1.06739046775583,1.3182624749802963
CR,2020-05-12,1.2079555649728213,1.1830953609898454,0.8719027454830776,1.567106002365935,1.0374949666086337,1.2918809758216816
CR,2020-05-13,1.2116137496738801,1.1871180291495862,0.868482891141922,1.5578704625926552,1.0500750546033975,1.3131587643373186
CR,2020-05-14,1.2145849956868442,1.1877622544376445,0.8811823856461741,1.5812334514608901,1.0396807450029553,1.2888128888711725
CR,2020-05-15,1.212837372822223,1.189500376754415,0.9104544109249226,1.617892403261778,1.032942927924881,1.2865519891052437
CR,2020-05-16,1.2148015559665832,1.1954536888030702,0.894832630571742,1.579815106026139,1.0227042529463002,1.277802776865642
CR,2020-05-17,1.2149754410702729,1.190265797131301,0.9023251677105646,1.5863466289071555,1.0542789792639407,1.304153030149704
CR,2020-05-18,1.2180276024856513,1.2017892412278037,0.9007704727266008,1.5877082357902386,1.0947629303114021,1.3410425731164173
CR,2020-05-19,1.2197266228241777,1.2031903371886086,0.9060133166058997,1.608576531969613,1.044033889532289,1.2869368995037755
CR,2020-05-20,1.219580189059396,1.2047224929389333,0.8791883435835647,1.5706179088687864,1.049784062205635,1.2967143854656
CR,2020-05-21,1.2216617684540134,1.208621014014315,0.8825935233650906,1.5580420984399024,1.051383590083143,1.2932624945599347
CR,2020-05-22,1.2227055084897804,1.205735947352295,0.9132959505043674,1.5768619121925502,1.0486676350345745,1.2874942713634796
CR,2020-05-23,1.2274142154697627,1.209211402696607,0.948165792146809,1.6365620212334744,1.0617324427311416,1.3050711655234584
CR,2020-05-24,1.2284276458140464,1.2045291088565055,0.9055599876883973,1.5935601959964791,1.0386320237037179,1.2833642352042438
CR,2020-05-25,1.2268000429974852,1.206105341037718,0.9105400425510334,1.5921880406033513,1.063377602423229,1.3067701734535442
CR,2020-05-26,1.2280005178469897,1.207098898696764,0.9065443391927043,1.5700536631238342,1.0383586308082704,1.2825953763675972
CR,2020-05-27,1.2245735385215042,1.2019853761981296,0.9133940444795233,1.5806158716117937,1.058736121083582,1.3033349710783049
CR,2020-05-28,1.224079599653382,1.2009001445249439,0.9145007115902721,1.598139393401155,1.082711385879894,1.3323134068005413
CR,2020-05-29,1.223471658067484,1.2010716037668587,0.8865208868830854,1.5892141470914316,1.0298991435135814,1.2802976927638379
CR,2020-05-30,1.2226936231435337,1.1991083814004329,0.8817806201680772,1.6032479643628395,1.0524910043173825,1.2971940445570473
CR,2020-05-31,1.2221932934950737,1.1959068780412379,0.8965038859751505,1.6335531132310264,1.0405059610353595,1.2955522012101652
CR,2020-06-01,1.2240255150525587,1.1957697098247975,0.7973037298573781,1.5607336229894755,1.033590704446874,1.2832087417320155
CR,2020-06-02,1.226040473086929,1.2042884843218702,0.8660224685127158,1.6185565140167453,1.0538775625703318,1.3101335059205141
CR,2020-06-03,1.2196576826004022,1.1916237062375818,0.8493732118263939,1.6206668200353995,1.046612175299128,1.3189537809059784
CR,2020-06-04,1.2236884400155563,1.1948696124559743,0.8537348884659334,1.634033375495803,1.0733348848690258,1.3455153687153372
CR,2020-06-05,1.2271913268879577,1.1971181988439419,0.8393053665790898,1.6592407336478217,1.0643157944537087,1.336517999911862
CR,2020-06-06,1.227050228253994,1.189995783998416,0.8426966453101508,1.6691973839304177,1.047767925701872,1.3280900779548719
CR,2020-06-07,1.2246490326281092,1.1912419071772224,0.809435517726442,1.685455855430519,1.037258173220671,1.32583071173659
GT,2020-04-20,1.2145792265258035,1.1878372380898745,1.0074949901724677,1.466605600383379,1.0690344413127102,1.2365667360491337
GT,2020-04-21,1.2136834408883812,1.1863299141126638,0.9743376072314459,1.425625907706467,1.0671949703166328,1.2290383053430098
GT,2020-04-22,1.2131498781739207,1.1851684091296626,0.9845074285571525,1.430596752278696,1.0770833828729838,1.2395070568492208
GT,2020-04-23,1.2137504275313433,1.1880371314512717,0.9984642569233944,1.4169126096757454,1.0595620137306077,1.2192046461212196
GT,2020-04-24,1.21366860272469,1.187844910328633,0.9862950746483621,1.4150713805526447,1.0633767953476463,1.222094920488074
GT,2020-04-25,1.2154928365237336,1.1907575511790776,1.0174069497479168,1.4456990811896473,1.0700417541103775,1.2273261802312518
GT,2020-04-26,1.218142869499372,1.1943690733357195,1.018579387106107,1.4306702429072267,1.068184700558594,1.2269694142651628
GT,2020-04-27,1.2205416429569644,1.197625773831433,0.9987407002505183,1.4255576971212536,1.088158214446302,1.246501278024075
GT,2020-04-28,1.2212032751003628,1.1958781374712983,1.0038844814463923,1.419616424893452,1.108218279273927,1.266328135520403
GT,2020-04-29,1.220700832135191,1.1938346491501175,1.0150917755000841,1.4307823420544812,1.063554251742098,1.2227226049343076
GT,2020-04-30,1.2200981735273868,1.1921211056271157,1.0355848169233017,1.433263212613623,1.0767835386577778,1.2297899736965525
GT,2020-05-01,1.222509125993532,1.193723362772961,1.0320423423027225,1.4352906660676568,1.084423177996529,1.229793863724053
GT,2020-05-02,1.2245039723858775,1.1963272785111876,1.0359473133135697,1.426890089113421,1.0910615896181204,1.2336729074035835
GT,2020-05-03,1.2259119464814254,1.1963622258398159,1.021895148539213,1.4220323674904625,1.0956500239630893,1.2456612847098198
GT,2020-05-04,1.2255597137670053,1.1941279001023763,1.0453912697354635,1.4457847218841697,1.0827376812558185,1.226471838297391
GT,2020-05-05,1.2231910400821466,1.1930919374406654,1.0306381237563431,1.4151474389737178,1.1014584853694382,1.2460483475623985
GT,2020-05-06,1.219681755577196,1.1905043801944595,1.045912169733105,1.422741479256011,1.0847596483561723,1.2224934961254341
GT,2020-05-07,1.2143511107140665,1.186004322803397,1.0204524110597282,1.4005078963549333,1.093835495013359,1.2333851333639567
GT,2020-05-08,1.2122587254729,1.188811013455723,1.0267004292768624,1.3851176447796432,1.0957079057948025,1.2340075951623195
GT,2020-05-09,1.207606695247678,1.1845669619601025,1.0227054259389896,1.3752950897996004,1.082581754828069,1.219414687456769
GT,2020-05-10,1.2013833143166002,1.181554189952156,1.0337791911428156,1.3865230180160348,1.0862418841126646,1.220817597143446
GT,2020-05-11,1.1941038464379783,1.1734564821993927,1.031967364363674,1.3691468836907323,1.0893528275531486,1.2164655082363307
GT,2020-05-12,1.1902065998889562,1.1664082780359823,1.0282576262208056,1.3704346993805667,1.0710252919430578,1.2006132257816549
GT,2020-05-13,1.1831485843833245,1.1599602983610617,1.0062988373014534,1.341183175866906,1.0721935741556858,1.1962411031376359
GT,2020-05-14,1.1794115100154352,1.1548186662976738,1.0049689957379866,1.3519152851933576,1.0605071210279131,1.186522087192348
GT,2020-05-15,1.1722984722768834,1.1509674232265148,1.0149288298299526,1.345261077774318,1.0659578539690358,1.1871848641102365
GT,2020-05-16,1.1665167450160474,1.1456803679352592,1.0225200318225487,1.350515265658671,1.0655525156727654,1.186863449643184
GT,2020-05-17,1.1576504735316309,1.140544760723306,1.0198689527680358,1.319752289633626,1.0515849963263475,1.1633867842059908
GT,2020-05-18,1.1457786793102733,1.1297383923596165,1.0046012104521593,1.3074462698080858,1.0489634902161913,1.1598581782620279
GT,2020-05-19,1.1313704302685414,1.1185364271609,0.975767059218949,1.2790634756917691,1.0611871480734434,1.1697408375480527
GT,2020-05-20,1.1199802541396522,1.10514912080509,0.9766772474548051,1.2841820767151053,1.0368407890604718,1.1430758496947766
GT,2020-05-21,1.1107458043392324,1.0974470001861953,0.9619805376780547,1.2672889005920287,1.0300157901315186,1.143269041215759
GT,2020-05-22,1.0990280017465548,1.0898579267056867,0.9448235150830946,1.252352157942695,1.0104725505898822,1.1259107666914288
GT,2020-05-23,1.0932225844321153,1.0870068237465476,0.9342924905627875,1.2464890073921746,1.0355078142608796,1.1520199621915406
GT,2020-05-24,1.0896121536218215,1.083943832840868,0.9311785409945238,1.240933127078112,1.0150980457271974,1.1244665742965836
GT,2020-05-25,1.0902625649099384,1.083485637507225,0.9348564410813897,1.2439991028502324,1.0243384539433071,1.1387143069114065
GT,2020-05-26,1.0916016423318216,1.0832944459119422,0.9504799256583968,1.255940886443473,1.0233127177840335,1.1353028581897187
GT,2020-05-27,1.0927576694716121,1.0844152021634264,0.9391375957259529,1.2467750378094056,1.019034747182349,1.1304505758217054
GT,2020-05-28,1.0955204686474664,1.0886949623467592,0.9294447332180361,1.2392839994296752,1.0375624455145995,1.1460356473095838
GT,2020-05-29,1.0948014173959106,1.0914118052916444,0.9595128079719939,1.269317871334391,1.0238361340239701,1.1305979799039365
GT,2020-05-30,1.0922676301340117,1.0847728623574562,0.9614057997445945,1.2771942524978845,1.0246367754808166,1.1371353419725494
GT,2020-05-31,1.0880358998069635,1.0843612011571047,0.929618406251132,1.2483842558524878,1.0084151989763916,1.1212011505913624
GT,2020-06-01,1.0875380827321537,1.0857374051052144,0.9251728940434824,1.2535434366050349,1.0078897751770668,1.1293966294197681
GT,2020-06-02,1.0862350619082979,1.0818211885607345,0.8967182211618394,1.2510371231155901,1.0042027382710759,1.1249238628952758
GT,2020-06-03,1.083604729546902,1.080161465489346,0.8806418978680035,1.2604087348628554,1.0105744670326444,1.1408516446587322
GT,2020-06-04,1.0806226664355079,1.0796725409474925,0.8813288168503292,1.290364342398438,1.028855258786249,1.1665404195177755
GT,2020-06-05,1.0791351644312106,1.0799874091421353,0.8246917722874197,1.2642143716645822,1.0092535666576403,1.1476867345787272
GT,2020-06-06,1.080897234631377,1.0812473781683698,0.8472897965725918,1.3080103186209804,1.0215210993991268,1.168158292820681
GT,2020-06-07,1.08178683559241,1.0809608367562693,0.8428954166396243,1.3329955602244072,1.0266456966601585,1.1776127353777195
HN,2020-04-20,1.2164202897384442,1.1789579319879153,0.9924835793181315,1.4780426233127921,1.0368276743079121,1.212776386802497
HN,2020-04-21,1.2137442469339728,1.1778614830426128,0.9905952864026263,1.4696228954532515,1.0403708844605406,1.2122348966978471
HN,2020-04-22,1.2094137391771846,1.1732661440403853,0.9849957462951776,1.4523891311988086,1.0320108800753018,1.2027466999431207
HN,2020-04-23,1.2056114850372992,1.1676240721087672,0.9898578764426158,1.454803547270019,1.0315293946823387,1.1971490564874223
HN,2020-04-24,1.2016208544705804,1.1646897886742222,0.9915936734950495,1.430643988993052,1.0437142802919448,1.2034288813183136
HN,2020-04-25,1.1990464562597434,1.1625447492266814,1.0002434285588298,1.4368656718778308,1.0389605545816107,1.1902810164818536
HN,2020-04-26,1.1931725311837884,1.1614490349481454,1.0009736909301163,1.4066456069547155,1.0228466907096119,1.1772324533378542
HN,2020-04-27,1.1866375037126322,1.155320572165457,0.996793995381723,1.4125030901458075,1.041340425585398,1.1914935598192862
HN,2020-04-28,1.1774453270090826,1.14625779491398,0.9859833561289936,1.3818722763268987,1.0333085514626563,1.1699294591586595
HN,2020-04-29,1.1669187968898547,1.1351108851680864,0.9709772158497363,1.3600120875630861,1.040639427225272,1.1788791238976342
HN,2020-04-30,1.1558138667915028,1.127175881025012,0.9674061827396485,1.3376597792486267,1.0346786900497904,1.164655407926386
HN,2020-05-01,1.1410295687439511,1.118607083427515,0.9628790215294084,1.3064777098315525,1.0389421290892502,1.1629606400211112
HN,2020-05-02,1.1287367295248667,1.1071935565356583,0.9800507047996345,1.3013123264196462,1.034571197799463,1.1523337236676103
HN,2020-05-03,1.1174187157126223,1.1003255818009867,0.9536001700771659,1.2748467909530374,1.0326869006081056,1.1482380813145288
HN,2020-05-04,1.1065033863196037,1.0886486636749488,0.9573947348527474,1.286895394074892,1.0212947778206607,1.128017644981088
HN,2020-05-05,1.0973342860394701,1.082295830913169,0.9158456366151297,1.2596398016227883,1.0161189138347255,1.1246907960228976
HN,2020-05-06,1.093341312829161,1.0789520790028049,0.9399910205268268,1.2582311904908008,1.0151202030061233,1.1259134409494174
HN,2020-05-07,1.0941084975459239,1.07748804802354,0.9422857377735518,1.2700498925547998,1.0028714897978623,1.1121387066921224
HN,2020-05-08,1.0994788812167586,1.0847105701027822,0.9366841342122801,1.2771333504962148,1.019370644917041,1.122453247649426
HN,2020-05-09,1.1011252235328621,1.0872697306885066,0.963010064864209,1.273245343315856,1.0207340429692993,1.1225745033941807
HN,2020-05-10,1.1022003502256064,1.0870988203933565,0.9611098470982933,1.2712561478183344,1.0199483790938006,1.1157796918061262
HN,2020-05-11,1.1045471952846633,1.0860682589463708,0.9334410252525187,1.2653575826261538,1.0218661993827196,1.1175046965605093
HN,2020-05-12,1.1056898543336058,1.0879290538175055,0.9437809643826575,1.2711191097326118,1.0159286171681237,1.112570125142852
HN,2020-05-13,1.102493999106596,1.0840677407630563,0.9683748136824555,1.2775950416257866,1.0179354192326595,1.114152926860419
HN,2020-05-14,1.101907708472558,1.0847214661858318,0.951357391628233,1.2416606197741977,1.012004132069455,1.1063889035222885
HN,2020-05-15,1.099460838754942,1.0823367430351611,0.9405980916125045,1.2398534011927946,1.0227551335354659,1.12881674503612
HN,2020-05-16,1.0940811854707317,1.0804270323150256,0.9492115975441389,1.2482619282609322,1.018919346343245,1.1164451086917846
HN,2020-05-17,1.0863980284326666,1.0706003868142733,0.937070446291718,1.2331811954611487,1.0062619709739755,1.1065632570715325
HN,2020-05-18,1.0774438552529906,1.0630641382015134,0.9288491880731954,1.2185026321444825,1.0123370917796468,1.1109974613670202
HN,2020-05-19,1.0701928651957506,1.0596320695336106,0.9365801500061781,1.2193968523202074,1.003871889544801,1.098465698764371
HN,2020-05-20,1.0578852348039376,1.05047790031553,0.9383059028924086,1.2393164342960057,0.9948357720463592,1.0902609251214992
HN,2020-05-21,1.0408047038773158,1.0369073711215444,0.8839032521071724,1.2012114175162099,0.9882648454798075,1.0880968844534051
HN,2020-05-22,1.0250057418846348,1.0236329674977473,0.8680601948539258,1.1818678808038203,0.9702937133812718,1.0779449532871
HN,2020-05-23,1.0154995001965952,1.0177565007944103,0.8705793700002603,1.199881983241111,0.9813953120294274,1.0923249019620116
HN,2020-05-24,1.0051767310285085,1.0114090755191234,0.8228065870064909,1.1750528900295798,0.9619732239220489,1.0768468842601835
HN,2020-05-25,1.0055508777997764,1.0119251059919487,0.8454403153186429,1.1854845532914708,0.9588384818755596,1.0709240583698407
HN,2020-05-26,1.0069052269528946,1.0089779917492383,0.8276239860999017,1.180291649051285,0.9662124852625689,1.0796212994836738
HN,2020-05-27,1.0097703829592015,1.0148057133243613,0.8325549669613423,1.181541342179344,0.9601582930133218,1.074337885279589
HN,2020-05-28,1.0120924250842067,1.0156015563911047,0.8282375797696899,1.1832283470279976,0.9649188998157618,1.0817354096135958
HN,2020-05-29,1.0122947137830272,1.0147458059847727,0.8290770725495133,1.1886155140669108,0.9618826156072074,1.081569690441814
HN,2020-05-30,1.0102018309290068,1.0167357868547997,0.8446311471312044,1.2122382818628057,0.9513271319776746,1.0768274758370984
HN,2020-05-31,1.0097144740848056,1.0186481891493226,0.8037337377425763,1.1930818907279321,0.9583037894828789,1.0843441754350969
HN,2020-06-01,1.0113065402325643,1.0214472989120922,0.7913924444784144,1.1967111181883396,0.945031852701861,1.0702431359241755
HN,2020-06-02,1.011738093276954,1.019220800001961,0.8145553757054861,1.2356391301592893,0.9510461999725172,1.0870641263791228
HN,2020-06-03,1.0136537698863233,1.025127655448225,0.8029445924408899,1.2443207863457046,0.9602898382305453,1.102489321559016
HN,2020-06-04,1.017565612612479,1.0215920892849244,0.7851975310562181,1.253395571615815,0.9641033338397315,1.1093435770183686
HN,2020-06-05,1.0189384344736026,1.0255378602268888,0.7666521490660604,1.227998214184155,0.962301208981037,1.1137588242843934
HN,2020-06-06,1.0176748085406648,1.0254315985437406,0.7610581452275518,1.2450444488213739,0.958671640980155,1.1153630695895311
HN,2020-06-07,1.0176616597889683,1.025910421684718,0.7453024456201314,1.2447982134133995,0.9472494150019671,1.1058639200443456
NI,2020-04-20,1.402219268312785,1.321280870450061,0.9133720448652124,2.0500261284193537,1.0790831331854065,1.464412752191535
NI,2020-04-21,1.404356387918095,1.328664395062165,0.818956267754103,2.0209614563174707,1.0623287122180665,1.4399172431108673
NI,2020-04-22,1.4063014278458956,1.3288368674038211,0.8265414172074679,1.9976002116465792,1.0537254258542508,1.429796071124553
NI,2020-04-23,1.403241580080188,1.3316085828643547,0.8757241601633282,1.9752246541290557,1.0647462765668148,1.4429731119969398
NI,2020-04-24,1.4035589130249109,1.3300430296781294,0.8906830462985281,2.0234633967075517,1.1145014483145592,1.5031297465719025
NI,2020-04-25,1.4035656254345672,1.3439080330667745,0.8516675277768484,1.9874295032925264,1.0602860435084498,1.4479091303859837
NI,2020-04-26,1.4040986216221585,1.343568693851521,0.909993574616708,2.057923047613164,1.080582998488538,1.4869651406017064
NI,2020-04-27,1.4152738146897847,1.3502631581606375,0.861143295033483,1.9541950318406258,1.0477846835105915,1.4509516061925456
NI,2020-04-28,1.4103103427483532,1.3380988935925051,0.9041569138892536,2.0616270011121687,1.0651803544196758,1.4499448547917586
NI,2020-04-29,1.4069797232132304,1.3319335094200024,0.9196796326010455,2.0048886923935965,1.0944526491360191,1.4754159307906374
NI,2020-04-30,1.4065249989961455,1.3443813077901963,0.9171311040732993,1.99204565525183,1.0820269360755697,1.4469994468757343
NI,2020-05-01,1.4131982825359553,1.358980350609908,0.8274864973798479,1.9264327535433936,1.139063218941311,1.5058026550341799
NI,2020-05-02,1.4204343373139077,1.37118116401362,0.8974251311999305,1.948978279644633,1.0726164485098335,1.4575114301538403
NI,2020-05-03,1.4214072414378598,1.3601545841953886,0.9337266183597658,1.9765101771552178,1.0940861179476487,1.4858233499508313
NI,2020-05-04,1.4225799925295886,1.3648455519116434,0.9143723937869013,1.9323783687736216,1.117532250417771,1.491005013669446
NI,2020-05-05,1.4258848405295195,1.3675220658433727,0.9197279509132129,1.9231202476491178,1.0884957166184797,1.4758665769701973
NI,2020-05-06,1.4234004392055946,1.3646809989909756,0.9391255763963505,1.9431441341333622,1.0838471233571103,1.4711058666070684
NI,2020-05-07,1.4249629706470308,1.3787239969636365,0.9613216319144999,1.91611546899752,1.15866346571391,1.5327543769287093
NI,2020-05-08,1.41744949059174,1.3695639792785874,0.9577253700698555,1.8996757776545414,1.12085153582024,1.4862528509015411
NI,2020-05-09,1.4106398913466083,1.3509110042481602,0.9431533142987021,1.8742637199211125,1.065993871813773,1.422196603656718
NI,2020-05-10,1.3962556974878328,1.3363302597440616,0.9573304349206722,1.8323299277182659,1.1212430599028749,1.461127338183314
NI,2020-05-11,1.38572491939551,1.329324959092737,0.9942987743930813,1.864272613654733,1.0959845787319509,1.4166943428691225
NI,2020-05-12,1.3648860730474845,1.3079338957898181,0.9812449539395045,1.8009241987351619,1.1094147733259054,1.4120267364307604
NI,2020-05-13,1.334024051969721,1.2864221673412413,0.9256543852075655,1.7095523838528446,1.0678722047207956,1.3636359094731838
NI,2020-05-14,1.3074264034349743,1.2682568051585015,0.950757287359386,1.6971490295987577,1.0572670858734474,1.3458853875030774
NI,2020-05-15,1.2739677130345566,1.2315179580534812,0.9349619828812301,1.653170619734291,1.0652820436199313,1.32647313824177
NI,2020-05-16,1.2372624978718447,1.1913528501355115,0.9117833776757602,1.594482332915407,1.0179555903854625,1.2730819839162812
NI,2020-05-17,1.1820849809208074,1.1521343169406162,0.88454298398344,1.5258411227689486,1.0362809392860068,1.2686396035732916
NI,2020-05-18,1.1328029373159898,1.1182908073754587,0.8172124412682203,1.4530386649211515,1.0259901953534905,1.2522364575832272
NI,2020-05-19,1.1052992401360073,1.0871509188933584,0.7676909844968198,1.4151930170875604,0.9644340082943722,1.1879192007126391
NI,2020-05-20,1.0991615880686132,1.0894522038893415,0.7315635759561412,1.4067102738230484,0.9870302263588105,1.1990361498711462
NI,2020-05-21,1.0934098639972394,1.081924090438875,0.718363870715538,1.404270469484239,0.9740183452062952,1.199610075350288
NI,2020-05-22,1.0630753879462258,1.05103753841999,0.7491710543232195,1.41858080123405,0.9305523706555178,1.1443013955859522
NI,2020-05-23,1.0054785773672215,1.0080118473790591,0.7125831988905489,1.3491009892925065,0.8904400857338945,1.0923036470308225
NI,2020-05-24,0.9196413674198785,0.9358957622874706,0.5385229282555597,1.2310039568929623,0.8123969225140093,1.0336799387121514
NI,2020-05-25,0.829055309564977,0.8632468862812178,0.40810399454038215,1.1552016097384625,0.7749975477834337,1.0260315193630922
NI,2020-05-26,0.7744453760361445,0.8234854342200466,0.31648230984086634,1.1864718893386894,0.6973500688994894,0.9913325962302887
NI,2020-05-27,0.8057140852521475,0.8504330692971929,0.3805200116275892,1.2115651037316986,0.7554668356981822,1.0364120204698943
NI,2020-05-28,0.8152356267492334,0.8516381317423035,0.3875433247472214,1.1688296760937624,0.7646520140607174,1.0300398777983704
NI,2020-05-29,0.7922555064849995,0.8321602071749605,0.33707486949548127,1.1861090131148513,0.734981207873644,1.0286041536181068
NI,2020-05-30,0.7458954624082611,0.8119156405773351,0.2654446091911704,1.1835502631454253,0.6667826596287696,0.9747491862126558
NI,2020-05-31,0.6762619990294162,0.7420427007416477,0.14230167961416074,1.18813330319898,0.662375289309055,1.0287927595054809
NI,2020-06-01,0.5892847355942203,0.6783128486425596,-0.04949590062034437,1.203314150846384,0.5955559942892017,1.02046595542021
NI,2020-06-02,0.530806645200902,0.6422642796125522,-0.19949118803899002,1.2398672690349775,0.537668379472801,1.0142345594341502
NI,2020-06-03,0.5266413479653032,0.6519409596794992,-0.22823297885146165,1.2766047050436984,0.5289662085500586,1.0056857970566577
NI,2020-06-04,0.5309151590183177,0.6608248921081137,-0.22602998736956614,1.2675877781736824,0.541044631075253,1.029729996655237
NI,2020-06-05,0.5349823331253488,0.6629998376117611,-0.24067404480864418,1.3082463256539147,0.5393420528601571,1.0719749638438363
NI,2020-06-06,0.5357301894075592,0.6525762554034226,-0.26138321746742577,1.3049620791530225,0.4818124682616326,1.0160303488408733
NI,2020-06-07,0.5322411482115738,0.645498260127056,-0.361303306095327,1.2635616030190469,0.4755349292054737,1.0280331926387993
PA,2020-04-20,1.0301005661110871,1.03389657450419,0.8616862119683053,1.170923390944687,0.9810607874544715,1.0835682535015936
PA,2020-04-21,1.0309902503778645,1.034203469662228,0.88648426427706,1.1862302289568751,0.9840220166755755,1.0835105957619475
PA,2020-04-22,1.0323438571651866,1.0333134906269583,0.8900103531832796,1.1801766581109951,0.9875318935361692,1.0838643372653427
PA,2020-04-23,1.0302355086413377,1.032423530865548,0.907229308689388,1.1820786445569602,0.9762175744466072,1.0652959404001912
PA,2020-04-24,1.0300156675691887,1.0299676142443974,0.8945649635382177,1.157997777390479,0.9742147900892801,1.0653554994238081
PA,2020-04-25,1.031686151822511,1.032367373610073,0.9059090469887722,1.1680994862266139,0.9868480682430784,1.07141833346395
PA,2020-04-26,1.0325382653472357,1.0318053226556958,0.910639941867583,1.1602344539811926,0.9789635654566176,1.0675178925717732
PA,2020-04-27,1.0353250775301486,1.034198676065555,0.8985804550950879,1.1410930579495546,0.9770379402812274,1.060873708805344
PA,2020-04-28,1.0342725642785673,1.0340100853740348,0.9161237407038404,1.1619267860974833,0.9746549950333981,1.0609028107966079
PA,2020-04-29,1.0361769786112478,1.0348277540545632,0.9201509274991605,1.1609368777099776,0.9954443456352906,1.0760924814564743
PA,2020-04-30,1.0374983166524194,1.0384240788023829,0.9259776135246586,1.1667485908505242,0.9843756419591797,1.0698717375904827
PA,2020-05-01,1.039811130113657,1.0396475490831418,0.921171242118875,1.1605085978887322,0.986262458375056,1.0690195434999201
PA,2020-05-02,1.0426959032173637,1.0417629810760065,0.9222532143957831,1.1615920632350338,0.9947678379401653,1.07704275420247
PA,2020-05-03,1.0466846371656473,1.0444818570990895,0.9220479029189694,1.1703651487035498,0.9949803678220781,1.075510297363493
PA,2020-05-04,1.0486674927962294,1.0482051936203143,0.9208371391248847,1.1648806440369828,1.0125912570588966,1.0984282194587398
PA,2020-05-05,1.0515110128759042,1.0474442062498588,0.9313194374728545,1.1686256439320368,0.9997088305095698,1.0840025592974518
PA,2020-05-06,1.0567246544211875,1.0522934160815673,0.9373128587154685,1.180120191553219,0.9984238714068147,1.0789140444000294
PA,2020-05-07,1.06283729687491,1.0552132634572957,0.9385782674714641,1.1784546286778805,1.0101184868335056,1.0893075648652308
PA,2020-05-08,1.0686277744265469,1.0612092557649786,0.9602819491390802,1.1912504493837035,1.016623109478511,1.0948308906826922
PA,2020-05-09,1.0754864654094543,1.063741002917772,0.9584794120819663,1.172291623204452,1.021345684637898,1.0995172929848642
PA,2020-05-10,1.0841990403048154,1.0714767143171635,0.9783407664412708,1.1995134773493035,1.013595127693811,1.0914515749957026
PA,2020-05-11,1.0918579499460346,1.0810406907326948,0.9721107535843911,1.195703465055754,1.0240340531201846,1.1090194392348702
PA,2020-05-12,1.0991393441357475,1.0864617773537448,0.9928366948212675,1.2114879102929186,1.0266507584371574,1.1090647142946453
PA,2020-05-13,1.1065188738586191,1.0904489677183204,0.988555998905433,1.232106473211294,1.0377632131464103,1.1215828873801195
PA,2020-05-14,1.113783987260758,1.0978869499188972,0.9964307133356831,1.2460239340535357,1.0353241440714924,1.1219438411162055
PA,2020-05-15,1.1196602184149478,1.1015446811586127,1.0090258460621477,1.2616446891093482,1.0365788272025913,1.1246750227930695
PA,2020-05-16,1.1246024886635675,1.1048622488272515,1.0057733736475065,1.2577785736715161,1.0418062822391192,1.1275485782191321
PA,2020-05-17,1.1305922809548705,1.1073819802712441,1.0143852922590018,1.2795263229668574,1.0302394985262633,1.1193216866031934
PA,2020-05-18,1.1344656227544143,1.1122185025577909,0.9950965874871596,1.2670555494264402,1.039118287576915,1.1300596574517716
PA,2020-05-19,1.137720165649904,1.1123571987409027,1.0117644637506444,1.2846856437367844,1.040179733224817,1.1313153119453392
PA,2020-05-20,1.1356783652371307,1.1109423782120142,1.009101582374919,1.266143588644855,1.0397593029113286,1.1287147541738853
PA,2020-05-21,1.1323490287121747,1.1112595894839057,1.0097890132220941,1.2634132074851996,1.0451514789691503,1.1298692220077322
PA,2020-05-22,1.1281718598485706,1.1093760138419553,1.0145926663851959,1.26738805282522,1.0507523540319732,1.1377922594469188
PA,2020-05-23,1.121725366280055,1.1018972820872293,1.0104440598075806,1.2596873036526492,1.0429048716726166,1.127074746099719
PA,2020-05-24,1.1181089346191684,1.1011439563266276,1.002561560624399,1.2437858382833307,1.0413763256226458,1.126476068483339
PA,2020-05-25,1.114213827178163,1.099130607940309,1.0054135027749393,1.2313966543265205,1.0328456448647172,1.117000327514575
PA,2020-05-26,1.1083902340619394,1.0948630177876408,0.9972135494655051,1.2295573160372102,1.0407911052869399,1.1261035549815464
PA,2020-05-27,1.1033407746212007,1.0914000107342603,0.9857892678142366,1.2101402589457604,1.0320195064351585,1.1201317954648868
PA,2020-05-28,1.097431188182418,1.0857864291269799,0.99024386634432,1.223403706046263,1.0265731604835628,1.1175478531449357
PA,2020-05-29,1.092112829217896,1.0812259443577648,0.9867439014842314,1.223528243242806,1.0112048275137941,1.0999718058410632
PA,2020-05-30,1.091373366831505,1.0777773166007036,0.9919594313792464,1.2407196796111175,1.0247820900012035,1.113962754478454
PA,2020-05-31,1.089877937490432,1.0763954246599998,0.9591934539504822,1.2304713946437384,1.0132958560221752,1.1028836303937708
PA,2020-06-01,1.0897586772806476,1.0768721754978092,0.9731989208250843,1.2570550333815809,1.0083180973111188,1.0997053547621374
PA,2020-06-02,1.08754148119641,1.0749197165166973,0.9586428785262148,1.243722150535271,1.0320292158002886,1.121411252524184
PA,2020-06-03,1.0856592342206808,1.0756154433510212,0.9658206827212019,1.2718840608237847,1.0183243469980383,1.1133841091736496
PA,2020-06-04,1.0864681883451548,1.0758869683894114,0.9279265064509065,1.2421712112190144,1.0243104178671247,1.1257448912474273
PA,2020-06-05,1.08612953366239,1.0746617704480055,0.913253339513836,1.2417623028608165,1.018556883425016,1.118753010956478
PA,2020-06-06,1.0855391024668835,1.0747091761587384,0.9213009442066039,1.2705079728243123,1.0259151033150196,1.1316572080259246
PA,2020-06-07,1.0842788168415451,1.0759880311359746,0.8993407481692799,1.2800312091410353,1.01845287167918,1.1312938792109073
PY,2020-04-20,1.2412285143109467,1.1853931866101646,0.8377124813387132,1.6993995406811089,0.9960016352907556,1.253562415202113
PY,2020-04-21,1.2362375757026292,1.1757777699744298,0.8169416729140202,1.6496348993699335,0.9782151743397827,1.2326764129751684
PY,2020-04-22,1.227213748769195,1.1722836993481724,0.8226127956534897,1.6270806639909035,1.0175441600098132,1.2627894517544211
PY,2020-04-23,1.217767041462832,1.1682205824493486,0.8261714562098919,1.6013875298970004,0.9694348136701666,1.2140244357252805
PY,2020-04-24,1.20390431974024,1.1547260167174596,0.8402357883974494,1.5912900283157914,1.0087617851153867,1.2411958823312936
PY,2020-04-25,1.1895820945168,1.1512998387326112,0.8774553268044888,1.5888797764342606,1.0065924609345183,1.2383205276501847
PY,2020-04-26,1.1719439377271574,1.1372768018903208,0.8664941260346906,1.5469222169278145,1.0015985617988883,1.225080161517067
PY,2020-04-27,1.1531662959157196,1.1201226070090309,0.8331606386274384,1.47973679732806,1.0158155625182836,1.2155393781335813
PY,2020-04-28,1.1374391609673489,1.1112589410253952,0.8286282866647157,1.4709441982634157,0.9887853851605612,1.186308929341194
PY,2020-04-29,1.115911651290504,1.0953812424838962,0.8380213545415045,1.4719262893279308,0.97657008899746,1.1693157015595648
PY,2020-04-30,1.0925715320728218,1.0810436048242988,0.8072404184342095,1.4354143444333833,0.952113916859942,1.147602987204946
PY,2020-05-01,1.0783804244181148,1.06832975790009,0.7695317391017862,1.378805407543454,0.9484053190519676,1.1451501852883874
PY,2020-05-02,1.0609327194486866,1.0568501759060536,0.7388774896468664,1.369668000712591,0.975361126948562,1.176391412108201
PY,2020-05-03,1.0438721604415746,1.0486286110335596,0.7350826765212214,1.3630254617992628,0.9864763389791542,1.1937447223786544
PY,2020-05-04,1.026891741996802,1.0370042937736894,0.7325177016724065,1.3971766907002494,0.9527561126204236,1.1692494116868077
PY,2020-05-05,1.0101701750741106,1.0316158212542135,0.7056666967050409,1.3729903975178412,0.9361207535319,1.1477704191544331
PY,2020-05-06,0.9819860041629029,1.0078883174380326,0.6245837276513554,1.313878971825317,0.9307832681018068,1.1478962800594965
PY,2020-05-07,0.9597727902683092,0.991638992386576,0.5590252774254545,1.2935167094474012,0.9248368981515827,1.146683054241955
PY,2020-05-08,0.946128337309018,0.9872100154204215,0.5808248915068248,1.3310242036201236,0.8905072347447511,1.1152288339140353
PY,2020-05-09,0.948007895278128,0.9864362733213285,0.5792169537759281,1.3047325771368237,0.9096142175839725,1.1378974095104784
PY,2020-05-10,0.9596499308334885,0.9906828293420658,0.6079844403400045,1.3527507577477158,0.8928909805672042,1.1266013066003964
PY,2020-05-11,0.9656378199865737,0.9958760635650896,0.5595741101799021,1.3129793846660625,0.9108872923294248,1.1348969090099637
PY,2020-05-12,0.9724989789096485,1.0017185783852898,0.5821304400775908,1.3259734441894426,0.9297672175726862,1.1610347626086068
PY,2020-05-13,0.9829048474412548,1.004643190568122,0.6363739964222836,1.366824141900807,0.9183238297571972,1.1559076571484248
PY,2020-05-14,0.9867804395139469,1.0074189405451812,0.6463375419155472,1.3485002602011305,0.867817564463961,1.1063448364396677
PY,2020-05-15,0.9950125325817245,1.0093295446039063,0.6662612609772236,1.3494635362607095,0.9104686885731468,1.1338813342389387
PY,2020-05-16,0.9942696630999899,1.0157946293097595,0.6410410968886264,1.351059264736063,0.916093927939964,1.14128890541839
PY,2020-05-17,0.9977329243079747,1.016817245588369,0.6506243300585861,1.3994740910367647,0.9016140260188963,1.122310106197148
PY,2020-05-18,1.0074203113832643,1.0219905168626362,0.6122757321972762,1.3520668337898543,0.906877924257585,1.1351338258001755
PY,2020-05-19,1.0155783317488114,1.0257353249953995,0.6167037529891892,1.3501277509001648,0.9025640016584281,1.129949095800736
PY,2020-05-20,1.0241708819425934,1.0299539042923658,0.623213776699769,1.3738250782532235,0.9212928225662803,1.1620017144375807
PY,2020-05-21,1.0310876876647128,1.0328088430325706,0.6723079599463555,1.4042844373834373,0.9261936869134689,1.155249014225254
PY,2020-05-22,1.0391140943321249,1.0341779223025789,0.6569561320667658,1.3849162554668706,0.9195840717076786,1.1463950901650333
PY,2020-05-23,1.0464866199099105,1.0508986023549802,0.6338021567436625,1.3744016877623007,0.9314034064255681,1.1587313144389673
PY,2020-05-24,1.0490856061615987,1.051010973603644,0.65330459077138,1.3826697728516284,0.9551496343556978,1.1894680093912111
PY,2020-05-25,1.0533115004543048,1.0533397753633287,0.6487638591699052,1.4092227792497662,0.9560870917823843,1.1980371983123246
PY,2020-05-26,1.0581467406214065,1.0542871837666612,0.7009792966503957,1.4123151388252109,0.9206940736246619,1.1460794012193374
PY,2020-05-27,1.0532956917594287,1.0492166436831876,0.6940750657008731,1.4461656486852412,0.9558295894135165,1.1908879516954782
PY,2020-05-28,1.0471327580881387,1.0453683155677407,0.6249436831718265,1.4172468366773396,0.9280335618789676,1.1593293363049253
PY,2020-05-29,1.0471577095411313,1.0456999508240292,0.6483755431062153,1.4436957771799233,0.931735622284248,1.1727088726206654
PY,2020-05-30,1.0469561142632917,1.0412368004913881,0.6108555875688856,1.4072915000252946,0.93753000489259,1.1859505462303115
PY,2020-05-31,1.0520197668190165,1.0494441965176144,0.6193361581569758,1.4448044493218886,0.9466737367503317,1.1965197066164046
PY,2020-06-01,1.0529401538222696,1.051059032193396,0.6607630383647038,1.4893209031406096,0.9174725551322709,1.1799570244875113
PY,2020-06-02,1.057845122814955,1.0480308838546537,0.6155780648221674,1.472063475923128,0.9449839927752074,1.2189527944095315
PY,2020-06-03,1.0594297921451639,1.0520712967816745,0.5687082132188568,1.4641954298584863,0.9261512330884702,1.20128297262607
PY,2020-06-04,1.0627474510332802,1.0637708349509212,0.6198175902035008,1.559329771919796,0.8953199833684182,1.1723104097477504
PY,2020-06-05,1.0638160944675503,1.0609767106247445,0.6552833626221517,1.594522904550638,0.9119673888272318,1.1915423193589376
PY,2020-06-06,1.0648452836996225,1.0517581089468173,0.5787754872951867,1.5610018029544401,0.9074669102072315,1.2008748954693442
PY,2020-06-07,1.0692171689738603,1.0616244084399984,0.5355563352609438,1.5600920373685039,0.9040883828519992,1.2001543584642136
SV,2020-04-20,1.1828431614089856,1.146868170101913,0.9393171514764055,1.4656939280449213,1.0351170815989892,1.2144104871597974
SV,2020-04-21,1.181437624746091,1.14240443502361,0.9316465750190267,1.4561537388529782,1.0315940729670057,1.2114003435959504
SV,2020-04-22,1.1788787031708856,1.1409443490699493,0.9076826165349983,1.423141633738724,1.0255902474961192,1.1981921704855203
SV,2020-04-23,1.1756200432403756,1.1388032933662613,0.8966371359758489,1.3970165825672602,1.009048043275838,1.178174759314662
SV,2020-04-24,1.1715531307064124,1.137541852099535,0.9355823022273458,1.4079384715238625,1.0261818455465397,1.1894581578170258
SV,2020-04-25,1.169483415709237,1.1376506850146821,0.9355487489203392,1.3912695266774424,1.020847096079488,1.1813154350457986
SV,2020-04-26,1.1658556552297892,1.1304647100027956,0.9356220352214671,1.399324133163184,1.0375534667343291,1.196664020960473
SV,2020-04-27,1.1634594461422352,1.1337404353902254,0.9352897851574369,1.3863710891626844,1.0234956481732393,1.1797984109908846
SV,2020-04-28,1.1595008976005623,1.1285422769688955,0.9548490980185605,1.394942038097933,1.0229709859065395,1.1777587749429708
SV,2020-04-29,1.155779371385366,1.1253900396272711,0.970152030324499,1.4036331890103764,1.0213594918513709,1.1766283670942632
SV,2020-04-30,1.1511251525199735,1.1218825004864328,0.9526872789375072,1.3946387292013254,1.0520631773498088,1.2057847868531437
SV,2020-05-01,1.143948989813088,1.1178790754050159,0.9551621366974142,1.3606300644291678,1.0112169602022445,1.1626042227496434
SV,2020-05-02,1.1356838968710963,1.1154034454601436,0.9474348408141389,1.3503685909198397,1.0199943328411485,1.1613467664547228
SV,2020-05-03,1.1295122104172222,1.1110273272716455,0.956811754331299,1.3371105363030398,1.0099078352512343,1.153488809217472
SV,2020-05-04,1.1245753382708277,1.1066173133311785,0.9205149029009042,1.3102514920044128,1.0080564172145516,1.1423866908942328
SV,2020-05-05,1.1193786847091485,1.1034450609946584,0.9643481586719369,1.3250924840929255,1.0029775573568929,1.1336899295570588
SV,2020-05-06,1.1145050744446423,1.0987967625827855,0.9487326137882112,1.3050245790983197,1.0330006464218098,1.1600133172576732
SV,2020-05-07,1.1072248634146227,1.0944263689612517,0.952838620628224,1.2899055729753603,1.0160031473676217,1.1402580352975697
SV,2020-05-08,1.1008048214981443,1.087766723107658,0.9275764975462233,1.2812349936772218,1.0072000942414765,1.1259571520707918
SV,2020-05-09,1.0947909168215102,1.0801326663065085,0.8981418862884479,1.2754650573200261,0.9962428189468577,1.1103522117302884
SV,2020-05-10,1.091820155327119,1.078339606871098,0.9227285760908819,1.298191734895817,1.0015157299414752,1.121332601233725
SV,2020-05-11,1.087930207590579,1.0764881749950408,0.8887184891252166,1.2701282810399628,0.9966789036146132,1.1237920177620822
SV,2020-05-12,1.0867669964413706,1.0732771088188093,0.9231342842354149,1.28806527329913,1.00505429978158,1.1252249916380357
SV,2020-05-13,1.0793799622632279,1.0684586660802182,0.9211139224366973,1.3093459018897677,0.9917512978437165,1.1144038239388367
SV,2020-05-14,1.072509481643311,1.0667480038060657,0.8781901866827461,1.2618677134924474,1.0008530139937868,1.1157878169451514
SV,2020-05-15,1.0661716274737134,1.0644256886499268,0.8725685452682658,1.2629655298862477,0.9940346411658977,1.1148283057929167
SV,2020-05-16,1.0622335245957497,1.0583309948202224,0.8864807557947831,1.2558726335305994,1.0027978851964159,1.1244081076475922
SV,2020-05-17,1.0582841369474179,1.0558814526361056,0.8822666618200569,1.2701316365048776,0.9979091380833686,1.1180178226565338
SV,2020-05-18,1.0551238506810618,1.0530916878481995,0.8770379433067733,1.2411865386384988,0.9825526879568325,1.1064670571065895
SV,2020-05-19,1.053566317798537,1.052528692571066,0.867329570039896,1.244802149270217,0.9832982271026717,1.1132799215494
SV,2020-05-20,1.0503510298520542,1.050112910477536,0.877490726861866,1.2417170673806235,0.9841744825213474,1.1157634629819713
SV,2020-05-21,1.050069914351281,1.048561773554653,0.8613081967079753,1.2293614570908609,0.9904686168605904,1.1226313167648383
SV,2020-05-22,1.0502089910263197,1.0482129116085361,0.8677524981154028,1.2441964039848288,0.987157124925337,1.1168807723606193
SV,2020-05-23,1.0474437751908194,1.0484926150885343,0.8417357034325836,1.2237567779933065,0.992633243707582,1.1261081845240528
SV,2020-05-24,1.0461665591588318,1.0445404204645006,0.8524377024879384,1.241923685680826,0.9796552748663773,1.1098280478621638
SV,2020-05-25,1.0433005659536583,1.0455325697873947,0.8456612921359377,1.2287269377774306,0.9711841591227066,1.1004897760684549
SV,2020-05-26,1.0387732424769527,1.042341912471267,0.833090673598617,1.2096923213451014,0.9765374184951232,1.1052676968926063
SV,2020-05-27,1.036560813278313,1.0420018115270473,0.8191490067257557,1.227367136494658,0.9707211025758431,1.104677328455561
SV,2020-05-28,1.0326229069785688,1.036348587763021,0.8144068239022758,1.2258899851525218,0.9566271533124423,1.0935498151131777
SV,2020-05-29,1.0304209326442617,1.0336471854802074,0.818891091126769,1.2397158152726768,0.9583517058307414,1.1041768171304116
SV,2020-05-30,1.0267271133084352,1.03509435899033,0.7776767011937349,1.234844986987465,0.9739732299993968,1.125457709329114
SV,2020-05-31,1.0292328230669172,1.0362203034293076,0.777739737239513,1.2503405514339894,0.9675341281948439,1.1213403231349048
SV,2020-06-01,1.0312218194831537,1.0351141497252667,0.7762769716975924,1.2670822435979912,0.957627724355051,1.1185586738374023
SV,2020-06-02,1.0311363892243128,1.0371800802679902,0.7697562439166872,1.2674305799736323,0.9607629883646283,1.1223889952434565
SV,2020-06-03,1.0332033566765177,1.0377947167936648,0.7864032041696232,1.3012640156433015,0.9545090471157682,1.1226068824706927
SV,2020-06-04,1.0326657200127365,1.0391283787586283,0.7797727770333719,1.2963882701549574,0.9540997800315668,1.1252992865297775
SV,2020-06-05,1.0350332122846708,1.0418695244725937,0.7710941941183227,1.2855520298793328,0.9545874881779088,1.1254835336717508
SV,2020-06-06,1.0363022771071455,1.0416421591605625,0.782879462472299,1.3161214700744552,0.9612461099059908,1.1394152497379728
SV,2020-06-07,1.0344799333354695,1.0383647792630248,0.7443733453808813,1.2797941973735947,0.963289924488628,1.146124852503393
